profile_link,about_link
https://web.facebook.com/profile.php?id=61578303212614,https://web.facebook.com/profile.php?id=61578303212614&sk=about
https://web.facebook.com/profile.php?id=61578303212614,https://web.facebook.com/profile.php?id=61578303212614&sk=about
https://web.facebook.com/profile.php?id=61578279784410,https://web.facebook.com/profile.php?id=61578279784410&sk=about
https://web.facebook.com/profile.php?id=61578279784410,https://web.facebook.com/profile.php?id=61578279784410&sk=about
https://web.facebook.com/profile.php?id=61578279784410,https://web.facebook.com/profile.php?id=61578279784410&sk=about
https://web.facebook.com/profile.php?id=61578279784410,https://web.facebook.com/profile.php?id=61578279784410&sk=about
https://web.facebook.com/profile.php?id=61578279784410,https://web.facebook.com/profile.php?id=61578279784410&sk=about
https://web.facebook.com/profile.php?id=61578279784410,https://web.facebook.com/profile.php?id=61578279784410&sk=about
https://web.facebook.com/profile.php?id=61578279784410,https://web.facebook.com/profile.php?id=61578279784410&sk=about
https://web.facebook.com/profile.php?id=61578279784410,https://web.facebook.com/profile.php?id=61578279784410&sk=about
https://web.facebook.com/profile.php?id=61578279784410,https://web.facebook.com/profile.php?id=61578279784410&sk=about
https://web.facebook.com/,https://web.facebook.com/?sk=about,,
https://web.facebook.com/,https://web.facebook.com/?sk=about,,
https://web.facebook.com/profile.php,https://web.facebook.com/profile.php?sk=about,,
